WKT,id
"POINT (-10.7637379020997 0.633495064143986)","0"
"POINT (-4.58126796685458 1.24251449060097)","0"
"POINT (-3.64005612596651 -0.32617191087914)",
"POINT (-0.41040765233099 -4.20175007924176)",
"POINT (-0.41040765233099 -4.46012195713261)",
"POINT (-4.78427444234024 -6.15799429755814)",
"POINT (-5.5409349418777 -6.9146547970956)",
"POINT (-10.1362633415077 -14.8134522069013)",
